variable,barometer,code,available,chunk
Gender,Arab Barometer 2024,Q1002,1,Socioeconomic
Gender,Latinobarometer 2024,SEXO,1,Socioeconomic
Gender,Afro Barometer 2023,Q100,1,Socioeconomic
Gender,Asian Barometer 2023,se2,1,Socioeconomic
Gender,Eurobarometer 2025 (Standard),d10,1,Socioeconomic
Employed,Arab Barometer 2024,Q1005,1,Employment
Employed,Latinobarometer 2024,S18.A,1,Employment
Employed,Afro Barometer 2023,Q93A,1,Employment
Employed,Asian Barometer 2023,se9,1,Employment
Employed,Eurobarometer 2025 (Standard),d15a,1,Employment
Age,Arab Barometer 2024,Q1001,1,Socioeconomic
Age,Latinobarometer 2024,EDAD,1,Socioeconomic
Age,Afro Barometer 2023,Q1,1,Socioeconomic
Age,Asian Barometer 2023,se3_1,1,Socioeconomic
Age,Eurobarometer 2025 (Standard),d11,1,Socioeconomic
Highest education achieved: Secondary,Arab Barometer 2024,Q1003,1,Socioeconomic
Highest education achieved: Secondary,Latinobarometer 2024,S11,1,Socioeconomic
Highest education achieved: Secondary,Afro Barometer 2023,Q94,1,Socioeconomic
Highest education achieved: Secondary,Asian Barometer 2023,se5,1,Socioeconomic
Highest education achieved: Secondary,Eurobarometer 2025 (Standard),d8,1,Socioeconomic
Married,Arab Barometer 2024,Q1010,1,Socioeconomic
Married,Latinobarometer 2024,,0,Socioeconomic
Married,Afro Barometer 2023,,0,Socioeconomic
Married,Asian Barometer 2023,se4,1,Socioeconomic
Married,Eurobarometer 2025 (Standard),d7,1,Socioeconomic
Bank Account,Arab Barometer 2024,Q1025,1,Socioeconomic
Bank Account,Latinobarometer 2024,,0,Socioeconomic
Bank Account,Afro Barometer 2023,Q90E,1,Socioeconomic
Bank Account,Asian Barometer 2023,,0,Socioeconomic
Bank Account,Eurobarometer 2025 (Standard),,0,Socioeconomic
Internet user,Arab Barometer 2024,Q409,1,Access
Internet user,Latinobarometer 2024,,0,Access
Internet user,Afro Barometer 2023,Q90I,1,Access
Internet user,Asian Barometer 2023,q50,1,Access
Internet user,Eurobarometer 2025 (Standard),d62_1,1,Access
Electricity,Arab Barometer 2024,Q274A,1,Access
Electricity,Latinobarometer 2024,,0,Access
Electricity,Afro Barometer 2023,Q92A,1,Access
Electricity,Asian Barometer 2023,ir11c,1,Access
Electricity,Eurobarometer 2025 (Standard),,0,Access
Water,Arab Barometer 2024,Q274B,1,Access
Water,Latinobarometer 2024,S20I,1,Access
Water,Afro Barometer 2023,Q6b.,1,Access
Water,Asian Barometer 2023,ir11b,1,Access
Water,Eurobarometer 2025 (Standard),,0,Access
Food insecure,Arab Barometer 2024,Q112,1,Access
Food insecure,Latinobarometer 2024,S3,1,Access
Food insecure,Afro Barometer 2023,Q6a,1,Access
Food insecure,Asian Barometer 2023,,0,Access
Food insecure,Eurobarometer 2025 (Standard),d60,1,Access
Urban,Arab Barometer 2024,Q13,1,Access
Urban,Latinobarometer 2024,TAMCIUD,1,Access
Urban,Afro Barometer 2023,URBRUR,1,Access
Urban,Asian Barometer 2023,level,1,Access
Urban,Eurobarometer 2025 (Standard),d25,1,Access
Religion,Arab Barometer 2024,Q1012,1,Socioeconomic
Religion,Latinobarometer 2024,S1,1,Socioeconomic
Religion,Afro Barometer 2023,Q95,1,Socioeconomic
Religion,Asian Barometer 2023,se6,1,Socioeconomic
Religion,Eurobarometer 2025 (Standard),,0,Socioeconomic
Ethnicity,Arab Barometer 2024,Q1012B2,1,Socioeconomic
Ethnicity,Latinobarometer 2024,S7,1,Socioeconomic
Ethnicity,Afro Barometer 2023,Q101,1,Socioeconomic
Ethnicity,Asian Barometer 2023,se11a,1,Socioeconomic
Ethnicity,Eurobarometer 2025 (Standard),,0,Socioeconomic
Interested in Politics,Arab Barometer 2024,Q404,1,Institutional
Interested in Politics,Latinobarometer 2024,P36STGBS,1,Institutional
Interested in Politics,Afro Barometer 2023,Q8,1,Institutional
Interested in Politics,Asian Barometer 2023,q47,1,Institutional
Interested in Politics,Eurobarometer 2025 (Standard),d71_1,1,Institutional
Men make better political leaders,Arab Barometer 2024,Q601.3,1,Gender and social norms
Men make better political leaders,Latinobarometer 2024,,0,Gender and social norms
Men make better political leaders,Afro Barometer 2023,Q20,1,Gender and social norms
Men make better political leaders,Asian Barometer 2023,q146,1,Gender and social norms
Men make better political leaders,Eurobarometer 2025 (Standard),,0,Gender and social norms
Freedom of speech,Arab Barometer 2024,Q521.1,1,Institutional
Freedom of speech,Latinobarometer 2024,,0,Institutional
Freedom of speech,Afro Barometer 2023,Q9a,1,Institutional
Freedom of speech,Asian Barometer 2023,q106,1,Institutional
Freedom of speech,Eurobarometer 2025 (Standard),,0,Institutional
Democracy always preferable,Arab Barometer 2024,Q516A.3,1,Institutional
Democracy always preferable,Latinobarometer 2024,Q11STGBS,1,Institutional
Democracy always preferable,Afro Barometer 2023,Q23,1,Institutional
Democracy always preferable,Asian Barometer 2023,q124,1,Institutional
Democracy always preferable,Eurobarometer 2025 (Standard),,0,Institutional
Felt discriminated against,Arab Barometer 2024,Q882,1,Gender and social norms
Felt discriminated against,Latinobarometer 2024,,0,Gender and social norms
Felt discriminated against,Afro Barometer 2023,,0,Gender and social norms
Felt discriminated against,Asian Barometer 2023,,0,Gender and social norms
Felt discriminated against,Eurobarometer 2025 (Standard),,0,Gender and social norms
Self-employed/Salaried,Arab Barometer 2024,Q1005,1,Employment
Self-employed/Salaried,Latinobarometer 2024,,0,Employment
Self-employed/Salaried,Afro Barometer 2023,,0,Employment
Self-employed/Salaried,Asian Barometer 2023,se9a,1,Employment
Self-employed/Salaried,Eurobarometer 2025 (Standard),d15a,1,Employment
Mobile phone,Arab Barometer 2024,,0,Access
Mobile phone,Latinobarometer 2024,S20D,1,Access
Mobile phone,Afro Barometer 2023,Q92f,1,Access
Mobile phone,Asian Barometer 2023,se15g,1,Access
Mobile phone,Eurobarometer 2025 (Standard),,0,Access
Safety of neighborhood,Arab Barometer 2024,Q105A,1,Access
Safety of neighborhood,Latinobarometer 2024,,0,Access
Safety of neighborhood,Afro Barometer 2023,Q7a,1,Access
Safety of neighborhood,Asian Barometer 2023,q46,1,Access
Safety of neighborhood,Eurobarometer 2025 (Standard),,0,Access
Freedom of political participation,Arab Barometer 2024,,0,Institutional
Freedom of political participation,Latinobarometer 2024,,0,Institutional
Freedom of political participation,Afro Barometer 2023,Q9B,1,Institutional
Freedom of political participation,Asian Barometer 2023,q107,1,Institutional
Freedom of political participation,Eurobarometer 2025 (Standard),,0,Institutional
Trust in people,Arab Barometer 2024,Q103,1,Gender and social norms
Trust in people,Latinobarometer 2024,Q10STGBS,1,Gender and social norms
Trust in people,Afro Barometer 2023,Q86d,1,Gender and social norms
Trust in people,Asian Barometer 2023,q22,1,Gender and social norms
Trust in people,Eurobarometer 2025 (Standard),,0,Gender and social norms
